{
  "policy_name": "random_policy",
  "num_clusters": 10,
  "num_steps": 5000,
  "clustering_method": "kmeans",
  "num_act_apply": 1,
  "hardcode_start_goal_states": true,
  "full_replan": true,
  "title": "Returns",
  "metric": "return",
  "mean": -428.3484446061035,
  "median": -234.60306720781125,
  "std_dev": 457.8574243225996,
  "min": -1815.6412027100857,
  "percentile_25": -600.0188898165356,
  "percentile_75": -100.1711838823937,
  "max": 44.855368736271146
}