{
  "policy_name": "final_policy",
  "num_clusters": 10,
  "num_steps": 2000,
  "clustering_method": "kmeans",
  "num_act_apply": 10,
  "hardcode_start_goal_states": true,
  "full_replan": true,
  "title": "Returns",
  "metric": "return",
  "mean": -89.98628779087935,
  "median": -87.40422567969277,
  "std_dev": 32.30737708584825,
  "min": -222.643733032051,
  "percentile_25": -94.89102379162391,
  "percentile_75": -74.98473080814755,
  "max": -45.35531895256186
}